Date,StrDate,Tot_Records,Tot_Inserts,Tot_Updates,Tot_Failures,Tot_Duration_Secs,Tot_Duration_Hrs,File_Layouts,tot_emails,tot_unique_emails,Error_Msgs,Err_Ind
2013-08-07,2013-Aug-07,17437,7549,9888,0,324,0.11,eligibilityphone|eligibilityaddress|eligibilitycoverage|eligibilitydemographic|providerparticipation|providerfax|providerspecialty|provideraddress|provideraffiliation|providermain|ceggroup|cegemployer|cegclient|,13,13,,
2013-07-23,2013-Jul-23,176074,1018,175056,0,4850,1.36,eligibilityphone|eligibilityaddress|eligibilitycoverage|eligibilitydemographic|provideraffiliation|providerparticipation|providerfax|provideraddress|providerspecialty|providermain|ceggroup|cegemployer|cegclient|,13,13,,
2013-07-22,2013-Jul-22,22481,11813,10668,0,5465,1.51,eligibilityphone|eligibilityaddress|eligibilitycoverage|eligibilitydemographic|providerfax|providerparticipation|provideraffiliation|providerspecialty|provideraddress|providermain|ceggroup|cegemployer|cegclient|,13,13,,
2013-07-21,2013-Jul-21,15289,6185,9104,0,2987,0.84,eligibilityphone|eligibilityaddress|eligibilitycoverage|eligibilitydemographic|providerfax|providerparticipation|provideraffiliation|provideraddress|providerspecialty|providermain|ceggroup|cegemployer|cegclient|,13,13,,
2013-07-20,2013-Jul-20,2416779,2295848,120931,0,37498.50546785,10.4,eligibilityphone|eligibilityaddress|eligibilitycoverage|eligibilitydemographic|providerparticipation|providerfax|provideraffiliation|provideraddress|providerspecialty|providermain|ceggroup|cegemployer|cegclient|CLAIM_LINE|CLAIM_HEADER|,15,15,,
2013-07-19,2013-Jul-19,751005,710284,40721,0,12142.85314608,3.37,labdata|eligibilityphone|eligibilityaddress|eligibilitycoverage|eligibilitydemographic|providerfax|providerfax|providerparticipation|provideraffiliation|provideraffiliation|providerparticipation|providerspecialty|providerspecialty|provideraddress|provideraddress|providermain|providermain|ceggroup|cegemployer|cegclient|PHARMACY_CLAIM|,21,21,Claims_NullMBRIDN|6|,Error
2013-07-18,2013-Jul-18,12270,5981,6289,0,2782,0.78,eligibilityphone|eligibilityaddress|eligibilitycoverage|eligibilitydemographic|providerfax|providerparticipation|provideraffiliation|providerspecialty|provideraddress|providermain|ceggroup|cegemployer|cegclient|,13,13,,
2013-07-17,2013-Jul-17,20250,9943,10307,0,2718,0.76,eligibilityphone|eligibilityaddress|eligibilitycoverage|eligibilitydemographic|providerfax|providerparticipation|providerspecialty|provideraffiliation|provideraddress|providermain|ceggroup|cegemployer|cegclient|,13,13,,
2013-07-16,2013-Jul-16,2607,178,2429,0,2532,0.7,eligibilityphone|eligibilityaddress|eligibilitycoverage|eligibilitydemographic|providerfax|providerparticipation|provideraffiliation|providerspecialty|provideraddress|providermain|ceggroup|cegemployer|cegclient|,13,13,,
2013-07-15,2013-Jul-15,25542,21867,3675,0,4515,1.26,eligibilityphone|eligibilityaddress|eligibilitycoverage|eligibilitydemographic|providerfax|providerparticipation|provideraffiliation|providerspecialty|provideraddress|providermain|ceggroup|cegemployer|cegclient|,13,13,,
2013-07-14,2013-Jul-14,22229,6973,15256,0,2581,0.73,eligibilityphone|eligibilityaddress|eligibilitycoverage|eligibilitydemographic|providerparticipation|providerfax|provideraffiliation|providerspecialty|provideraddress|providermain|ceggroup|cegemployer|cegclient|,13,13,,
2013-07-13,2013-Jul-13,20657,5725,14932,0,2423,0.66,eligibilityphone|eligibilityaddress|eligibilitycoverage|eligibilitydemographic|providerfax|providerparticipation|provideraffiliation|providerspecialty|provideraddress|providermain|ceggroup|cegemployer|cegclient|,13,13,,
2013-07-12,2013-Jul-12,22028,6030,15998,0,2870,0.78,labdata|eligibilityphone|eligibilityaddress|eligibilitycoverage|eligibilitydemographic|providerfax|providerparticipation|provideraffiliation|providerspecialty|provideraddress|providermain|ceggroup|cegemployer|cegclient|,14,14,,
2013-07-11,2013-Jul-11,27301,6305,20996,0,2345,0.65,eligibilityphone|eligibilityaddress|eligibilitycoverage|eligibilitydemographic|providerfax|providerparticipation|provideraffiliation|providerspecialty|provideraddress|providermain|ceggroup|cegemployer|cegclient|,13,13,,
2013-07-10,2013-Jul-10,36274,12024,24250,0,2409,0.66,eligibilityphone|eligibilityaddress|eligibilitycoverage|eligibilitydemographic|providerparticipation|provideraffiliation|providerfax|providerspecialty|provideraddress|providermain|ceggroup|cegemployer|cegclient|,13,13,,
2013-07-09,2013-Jul-09,2652,210,2442,0,2044,0.56,eligibilityaddress|eligibilityphone|eligibilitycoverage|eligibilitydemographic|providerfax|providerparticipation|provideraffiliation|providerspecialty|provideraddress|providermain|ceggroup|cegemployer|cegclient|,13,13,,
2013-07-08,2013-Jul-08,6199,3765,2434,0,3552,0.99,eligibilityphone|eligibilityaddress|eligibilitycoverage|eligibilitydemographic|providerparticipation|providerfax|provideraffiliation|providerspecialty|provideraddress|providermain|ceggroup|cegemployer|cegclient|,13,13,,
2013-07-07,2013-Jul-07,4391,1359,3032,0,1937,0.52,eligibilityphone|eligibilityaddress|eligibilitycoverage|eligibilitydemographic|provideraffiliation|providerparticipation|providerfax|providerspecialty|provideraddress|providermain|ceggroup|cegemployer|cegclient|,13,13,,
2013-07-06,2013-Jul-06,3255,457,2798,0,1836,0.51,eligibilityphone|eligibilityaddress|eligibilitycoverage|eligibilitydemographic|providerparticipation|providerfax|provideraffiliation|providerspecialty|provideraddress|providermain|ceggroup|cegemployer|cegclient|,13,13,,
2013-07-05,2013-Jul-05,59025,7552,51473,0,2318,0.62,labdata|eligibilityphone|eligibilityaddress|eligibilitycoverage|eligibilitydemographic|providerfax|providerparticipation|providerspecialty|provideraffiliation|provideraddress|providermain|ceggroup|cegemployer|cegclient|,14,14,,
2013-07-04,2013-Jul-04,24072,8203,15869,0,2238,0.62,eligibilityphone|eligibilityaddress|eligibilitycoverage|eligibilitydemographic|providerfax|providerparticipation|provideraffiliation|providerspecialty|provideraddress|providermain|ceggroup|cegemployer|cegclient|,13,13,,
2013-07-03,2013-Jul-03,377314,10853,366461,0,4108,1.15,eligibilityphone|eligibilityaddress|eligibilitycoverage|eligibilitydemographic|providerfax|providerparticipation|providerspecialty|provideraffiliation|provideraddress|providermain|ceggroup|cegemployer|cegclient|,13,13,,
2013-07-02,2013-Jul-02,6837,338,6499,0,1615,0.44,eligibilityphone|eligibilityaddress|eligibilitycoverage|eligibilitydemographic|providerparticipation|providerfax|providerspecialty|provideraffiliation|provideraddress|providermain|ceggroup|cegemployer|cegclient|,13,13,,
2013-07-01,2013-Jul-01,196969,170540,26429,0,4517,1.27,eligibilityphone|eligibilityaddress|eligibilitycoverage|eligibilitydemographic|providerfax|providerparticipation|provideraffiliation|providerspecialty|provideraddress|providermain|ceggroup|cegemployer|cegclient|,13,13,,
2013-06-30,2013-Jun-30,14777,4865,9912,0,1554,0.44,eligibilityphone|eligibilityaddress|eligibilitycoverage|eligibilitydemographic|providerfax|providerparticipation|providerspecialty|provideraffiliation|provideraddress|providermain|ceggroup|cegemployer|cegclient|,13,13,,
2013-06-29,2013-Jun-29,18709,5900,12809,0,1443,0.39,eligibilityphone|eligibilityaddress|eligibilitycoverage|eligibilitydemographic|providerparticipation|providerfax|provideraffiliation|providerspecialty|provideraddress|providermain|ceggroup|cegemployer|cegclient|,13,13,,
2013-06-28,2013-Jun-28,18218,5241,12977,0,1587,0.44,labdata|eligibilityphone|eligibilityaddress|eligibilitycoverage|eligibilitydemographic|providerfax|provideraffiliation|providerspecialty|providerparticipation|provideraddress|providermain|ceggroup|cegemployer|cegclient|,14,14,,
2013-06-27,2013-Jun-27,11747,3942,7805,0,1352,0.38,eligibilityphone|eligibilityaddress|eligibilitycoverage|eligibilitydemographic|providerparticipation|providerfax|provideraffiliation|provideraddress|providerspecialty|providermain|ceggroup|cegemployer|cegclient|,13,13,,
2013-06-26,2013-Jun-26,17732,4902,12830,0,1328,0.37,eligibilityphone|eligibilityaddress|eligibilitycoverage|eligibilitydemographic|providerparticipation|providerfax|provideraffiliation|providerspecialty|provideraddress|providermain|ceggroup|cegemployer|cegclient|,13,13,,
2013-06-25,2013-Jun-25,99413,7946,91467,0,1818,0.5,eligibilityphone|eligibilityaddress|eligibilitycoverage|eligibilitydemographic|providerfax|providerparticipation|provideraffiliation|providerspecialty|provideraddress|providermain|ceggroup|cegemployer|cegclient|,13,13,,
2013-06-24,2013-Jun-24,9963,5499,4464,0,1818,0.48,eligibilityphone|eligibilityaddress|eligibilitycoverage|eligibilitydemographic|providerfax|providerparticipation|provideraffiliation|providerspecialty|provideraddress|providermain|ceggroup|cegemployer|cegclient|,13,13,,
2013-06-23,2013-Jun-23,15246,4758,10488,0,1000,0.28,eligibilityphone|eligibilityaddress|eligibilitycoverage|eligibilitydemographic|providerfax|provideraddress|provideraffiliation|providerspecialty|providerparticipation|providermain|ceggroup|cegemployer|cegclient|,13,13,,
2013-06-22,2013-Jun-22,22675,3933,18742,0,990,0.28,eligibilityphone|eligibilityaddress|eligibilitycoverage|eligibilitydemographic|providerfax|providerparticipation|provideraffiliation|providerspecialty|provideraddress|providermain|ceggroup|cegemployer|cegclient|,13,13,,
2013-06-21,2013-Jun-21,15284,3297,11987,0,968,0.26,labdata|eligibilityphone|eligibilityaddress|eligibilitycoverage|eligibilitydemographic|provideraffiliation|providerfax|providerparticipation|providerspecialty|provideraddress|providermain|ceggroup|cegemployer|cegclient|,14,14,,
2013-06-20,2013-Jun-20,55183,16302,38881,0,1124,0.33,eligibilityphone|eligibilityaddress|eligibilitycoverage|eligibilitydemographic|providerparticipation|providerfax|provideraffiliation|providerspecialty|provideraddress|providermain|ceggroup|cegemployer|cegclient|,13,13,,
2013-06-19,2013-Jun-19,1850,2,1848,0,500,0.13,eligibilityaddress|eligibilityphone|eligibilitycoverage|eligibilitydemographic|provideraffiliation|providerfax|providerparticipation|providerspecialty|provideraddress|providermain|cegemployer|cegclient|ceggroup|,13,13,,
2013-06-18,2013-Jun-18,2285,238,2047,0,573,0.16,eligibilityphone|eligibilityaddress|eligibilitycoverage|eligibilitydemographic|providerfax|providerparticipation|provideraffiliation|providerspecialty|provideraddress|providermain|ceggroup|cegemployer|cegclient|,13,13,,
2013-06-17,2013-Jun-17,23395,19475,3920,0,1666,0.46,eligibilityphone|eligibilityaddress|eligibilitycoverage|eligibilitydemographic|providerfax|providerparticipation|provideraffiliation|providerspecialty|provideraddress|providermain|ceggroup|cegemployer|cegclient|,13,13,,
2013-06-16,2013-Jun-16,23486,5776,17710,0,618,0.15,eligibilityphone|eligibilityaddress|eligibilitycoverage|eligibilitydemographic|providerfax|providerparticipation|provideraffiliation|provideraddress|providerspecialty|providermain|cegemployer|ceggroup|cegclient|,13,13,,
2013-06-15,2013-Jun-15,24337,5601,18736,0,488,0.15,eligibilityphone|eligibilityaddress|eligibilitycoverage|eligibilitydemographic|providerparticipation|providerfax|provideraffiliation|providerspecialty|provideraddress|providermain|ceggroup|cegemployer|cegclient|,13,13,,
2013-06-14,2013-Jun-14,14982,5034,9948,0,389,0.08,labdata|eligibilityphone|eligibilityaddress|eligibilitycoverage|eligibilitydemographic|providerfax|providerparticipation|provideraffiliation|providerspecialty|provideraddress|providermain|ceggroup|cegemployer|cegclient|,14,14,,
2013-06-13,2013-Jun-13,27962,4907,23055,0,433,0.12,eligibilityphone|eligibilityaddress|eligibilitycoverage|eligibilitydemographic|providerparticipation|providerfax|provideraffiliation|providerspecialty|provideraddress|providermain|ceggroup|cegemployer|cegclient|,13,13,,
2013-06-12,2013-Jun-12,24403,5663,18740,0,386,0.11,eligibilityphone|eligibilityaddress|eligibilitycoverage|eligibilitydemographic|provideraffiliation|providerfax|providerparticipation|providerspecialty|provideraddress|providermain|ceggroup|cegemployer|cegclient|,13,13,,
2013-06-11,2013-Jun-11,2262,198,2064,0,1076,0.3,eligibilityphone|eligibilityaddress|eligibilitycoverage|eligibilitydemographic|providerparticipation|providerfax|provideraffiliation|providerspecialty|provideraddress|providermain|ceggroup|cegemployer|cegclient|,13,13,,
2013-06-10,2013-Jun-10,673161,8635,664526,0,26389,7.24999999999999,eligibilityphone|eligibilityaddress|eligibilitycoverage|eligibilitydemographic|providerfax|providerparticipation|provideraffiliation|provideraddress|providerspecialty|providermain|cegemployer|ceggroup|cegclient|eligibilityphone|eligibilityaddress|eligibilitycoverage|eligibilitydemographic|eligibilityaddress|eligibilityphone|eligibilitycoverage|eligibilitydemographic|eligibilityaddress|eligibilityphone|eligibilitycoverage|eligibilitydemographic|eligibilityphone|eligibilityaddress|eligibilitycoverage|eligibilitydemographic|eligibilityphone|eligibilityaddress|eligibilitycoverage|eligibilitydemographic|eligibilityphone|eligibilityaddress|eligibilitycoverage|eligibilitydemographic|eligibilityphone|eligibilitycoverage|eligibilityaddress|eligibilitydemographic|eligibilityaddress|eligibilityphone|eligibilitycoverage|eligibilitydemographic|eligibilityphone|eligibilityaddress|eligibilitycoverage|eligibilitydemographic|eligibilityphone|eligibilitycoverage|eligibilityaddress|eligibilitydemographic|eligibilityaddress|eligibilityphone|eligibilitycoverage|eligibilitydemographic|eligibilityphone|eligibilitycoverage|eligibilityaddress|eligibilitydemographic|eligibilityphone|eligibilityaddress|eligibilitycoverage|eligibilitydemographic|eligibilityphone|eligibilitycoverage|eligibilityaddress|eligibilitydemographic|eligibilityphone|eligibilitycoverage|eligibilityaddress|eligibilitydemographic|eligibilityphone|eligibilitycoverage|eligibilityaddress|eligibilitydemographic|eligibilityphone|eligibilityaddress|eligibilitycoverage|eligibilitydemographic|eligibilityaddress|eligibilityphone|eligibilitycoverage|eligibilitydemographic|eligibilityaddress|eligibilityphone|eligibilitycoverage|eligibilitydemographic|eligibilityphone|eligibilitycoverage|eligibilityaddress|eligibilitydemographic|eligibilityaddress|eligibilityphone|eligibilitycoverage|eligibilitydemographic|eligibilityphone|eligibilityaddress|eligibilitycoverage|eligibilitydemographic|eligibilityphone|eligibilityaddress|eligibilitycoverage|eligibilitydemographic|eligibilityphone|eligibilitycoverage|eligibilityaddress|eligibilitydemographic|eligibilityphone|eligibilityaddress|eligibilitycoverage|eligibilitydemographic|eligibilityphone|eligibilityaddress|eligibilitycoverage|eligibilitydemographic|eligibilityphone|eligibilitycoverage|eligibilityaddress|eligibilitydemographic|eligibilityphone|eligibilityaddress|eligibilitycoverage|eligibilitydemographic|eligibilityphone|eligibilityaddress|eligibilitycoverage|eligibilitydemographic|eligibilityphone|eligibilityaddress|eligibilitycoverage|eligibilitydemographic|,133,133,,
2013-06-09,2013-Jun-09,1830,64,1766,0,242,0.08,providerparticipation|providerfax|provideraffiliation|providerspecialty|provideraddress|providermain|ceggroup|cegemployer|cegclient|,9,9,,
2013-06-08,2013-Jun-08,24693,3655,21031,7,661,0.18,providerfax|providerparticipation|provideraffiliation|providerspecialty|provideraddress|providermain|ceggroup|cegemployer|cegclient|eligibilityaddress|eligibilitycoverage|,11,11,MemberNotFound|1|MemberNotFound|6|,Error
2013-06-07,2013-Jun-07,24940,3700,21221,19,724,0.2,providerparticipation|providerfax|provideraffiliation|providerspecialty|provideraddress|providermain|ceggroup|cegemployer|cegclient|labdata|eligibilityaddress|eligibilitycoverage|,12,12,MemberNotFound|2|MemberNotFound|1|MemberNotFound|9|InsuredMemberNotFound|7|,Error
2013-06-06,2013-Jun-06,14769,3652,11097,20,605,0.16,providerfax|providerparticipation|provideraffiliation|provideraddress|providerspecialty|providermain|ceggroup|cegemployer|cegclient|eligibilityaddress|eligibilitycoverage|,11,11,MemberNotFound|6|MemberNotFound|14|,Error
2013-04-28,2013-Apr-28,36677,25339,11338,0,1112,0.31,eligibilityphone|eligibilityaddress|eligibilitycoverage|eligibilitydemographic|providerfax|provideraffiliation|providerspecialty|provideraddress|providermain|ceggroup|cegemployer|cegclient|,12,12,,
2013-04-27,2013-Apr-27,13103,6139,6964,0,476,0.14,eligibilityphone|eligibilityaddress|eligibilitycoverage|eligibilitydemographic|providerparticipation|providerfax|provideraffiliation|providerspecialty|cegclient|,9,9,,
2013-04-26,2013-Apr-26,57549,4656,52893,0,651,0.17,eligibilityphone|eligibilityaddress|eligibilitycoverage|eligibilitydemographic|providerfax|provideraffiliation|providerparticipation|providerspecialty|provideraddress|providermain|ceggroup|cegemployer|cegclient|,13,13,,
2013-04-25,2013-Apr-25,18149,6707,11442,0,432,0.11,eligibilityphone|eligibilityaddress|eligibilitycoverage|eligibilitydemographic|providerfax|providerparticipation|providerspecialty|provideraddress|provideraffiliation|providermain|ceggroup|cegemployer|cegclient|,13,13,,
2013-04-24,2013-Apr-24,13948,5401,8547,0,385,0.1,eligibilityaddress|eligibilityphone|eligibilitycoverage|eligibilitydemographic|providerfax|providerparticipation|provideraffiliation|providerspecialty|provideraddress|providermain|ceggroup|cegemployer|cegclient|,13,13,,
2013-04-23,2013-Apr-23,117536,13590,103946,0,1477,0.41,eligibilityphone|eligibilityaddress|eligibilitycoverage|eligibilitydemographic|providerparticipation|provideraffiliation|providerfax|provideraddress|providerspecialty|providermain|ceggroup|cegemployer|cegclient|,13,13,,
2013-04-22,2013-Apr-22,839,305,534,0,172,0.06,eligibilityphone|eligibilityaddress|eligibilitycoverage|eligibilitydemographic|providerfax|providerparticipation|provideraffiliation|providerspecialty|provideraddress|providermain|ceggroup|cegemployer|cegclient|,13,13,,
2013-04-21,2013-Apr-21,13971,6421,7550,0,2290,0.63,eligibilityphone|eligibilityaddress|eligibilitycoverage|eligibilitydemographic|providerfax|providerparticipation|provideraffiliation|providerspecialty|provideraddress|providermain|ceggroup|cegemployer|cegclient|,13,13,,
2013-04-20,2013-Apr-20,10352,4174,6178,0,1296,0.37,eligibilityphone|eligibilityaddress|eligibilitycoverage|eligibilitydemographic|providerparticipation|providerfax|provideraffiliation|providerspecialty|provideraddress|providermain|ceggroup|cegemployer|cegclient|,13,13,,
2013-04-19,2013-Apr-19,9450,4368,5082,0,1356,0.37,labdata|eligibilityphone|eligibilityaddress|eligibilitycoverage|eligibilitydemographic|providerfax|providerparticipation|provideraffiliation|providerspecialty|provideraddress|providermain|ceggroup|cegemployer|cegclient|,14,14,,
2013-04-18,2013-Apr-18,11344,4232,7112,0,1133,0.32,eligibilityphone|eligibilityaddress|eligibilitycoverage|eligibilitydemographic|providerfax|providerparticipation|provideraffiliation|provideraddress|providerspecialty|providermain|ceggroup|cegemployer|cegclient|,13,13,,
2013-04-17,2013-Apr-17,8442,3350,5092,0,1057,0.28,eligibilityphone|eligibilityaddress|eligibilitycoverage|eligibilitydemographic|providerparticipation|providerfax|provideraffiliation|providerspecialty|provideraddress|providermain|ceggroup|cegemployer|cegclient|,13,13,,
2013-04-16,2013-Apr-16,4142,1810,2332,0,938,0.26,eligibilityphone|eligibilityaddress|eligibilitycoverage|eligibilitydemographic|providerfax|providerparticipation|provideraffiliation|providerspecialty|provideraddress|providermain|ceggroup|cegemployer|cegclient|,13,13,,
2013-04-15,2013-Apr-15,404338,708,403630,0,3537,0.97,eligibilityphone|eligibilityaddress|eligibilitycoverage|eligibilitydemographic|providerfax|providerparticipation|provideraffiliation|providerspecialty|provideraddress|providermain|ceggroup|cegemployer|cegclient|,13,13,,
2013-04-14,2013-Apr-14,16681,8347,8334,0,1474,0.39,eligibilityphone|eligibilityaddress|eligibilitycoverage|eligibilitydemographic|providerfax|provideraffiliation|providerparticipation|providerspecialty|provideraddress|providermain|ceggroup|cegemployer|cegclient|,13,13,,
2013-04-13,2013-Apr-13,14476,5091,9385,0,799,0.22,eligibilityphone|eligibilityaddress|eligibilitycoverage|eligibilitydemographic|providerparticipation|providerfax|provideraffiliation|provideraddress|providerspecialty|providermain|ceggroup|cegemployer|cegclient|,13,13,,
2013-04-12,2013-Apr-12,14452,5156,9296,0,799,0.2,labdata|eligibilityphone|eligibilityaddress|eligibilitycoverage|eligibilitydemographic|providerfax|providerparticipation|provideraffiliation|providerspecialty|provideraddress|providermain|ceggroup|cegemployer|cegclient|,14,14,,
2013-04-11,2013-Apr-11,14839,5021,9818,0,686,0.19,eligibilityphone|eligibilityaddress|eligibilitycoverage|eligibilitydemographic|providerparticipation|providerfax|provideraffiliation|providerspecialty|provideraddress|providermain|ceggroup|cegemployer|cegclient|,13,13,,
2013-08-08,2013-Aug-08,15756,5929,9827,0,307,0.1,eligibilityphone|eligibilityaddress|eligibilitycoverage|eligibilitydemographic|providerfax|providerparticipation|provideraffiliation|providerspecialty|provideraddress|providermain|ceggroup|cegemployer|cegclient|,13,13,,
2013-08-09,2013-Aug-09,16377,7919,8458,0,259,0.08,cegclient|cegemployer|ceggroup|providermain|provideraddress|providerspecialty|providerparticipation|provideraffiliation|providerfax|eligibilitydemographic|eligibilitycoverage|eligibilityaddress|eligibilityphone|labdata|,14,14,,
2013-08-10,2013-Aug-10,22548,7587,14961,0,376,0.11,cegclient|cegemployer|ceggroup|providermain|providerspecialty|provideraddress|provideraffiliation|providerfax|providerparticipation|eligibilitydemographic|eligibilitycoverage|eligibilityaddress|eligibilityphone|,13,13,,
2013-08-12,2013-Aug-12,7480,4248,3232,0,384,0.09,eligibilityphone|eligibilityaddress|eligibilitycoverage|eligibilitydemographic|providerfax|providerparticipation|provideraffiliation|providerspecialty|provideraddress|providermain|ceggroup|cegemployer|cegclient|,13,13,,
2013-08-11,2013-Aug-11,35333,7127,28206,0,457,0.14,eligibilityphone|eligibilityaddress|eligibilitycoverage|eligibilitydemographic|providerfax|providerparticipation|providerspecialty|provideraffiliation|provideraddress|providermain|ceggroup|cegemployer|cegclient|,13,13,,
2013-08-13,2013-Aug-13,2635,237,2398,0,151,0.05,cegclient|cegemployer|ceggroup|providermain|provideraddress|providerspecialty|provideraffiliation|providerparticipation|providerfax|eligibilitydemographic|eligibilitycoverage|eligibilityaddress|eligibilityphone|,13,13,,
2013-08-15,2013-Aug-15,28763,14143,14620,0,4173,1.17,eligibilityphone|eligibilityaddress|eligibilitycoverage|eligibilitydemographic|providerparticipation|providerfax|provideraffiliation|providerspecialty|provideraddress|providermain|ceggroup|cegemployer|cegclient|,13,13,,
2013-08-17,2013-Aug-17,510230,481327,28903,0,2212,0.61,eligibilityphone|eligibilityaddress|eligibilitycoverage|eligibilitydemographic|providerfax|providerparticipation|provideraffiliation|providerspecialty|provideraddress|providermain|ceggroup|cegemployer|cegclient|eligibilityphone|eligibilityaddress|eligibilitycoverage|eligibilitydemographic|providerparticipation|providerfax|provideraffiliation|providerspecialty|provideraddress|providermain|ceggroup|cegemployer|cegclient|labdata|,27,27,,
2013-08-18,2013-Aug-18,64302,10605,53697,0,1112,0.31,eligibilityphone|eligibilityaddress|eligibilitycoverage|eligibilitydemographic|providerfax|providerparticipation|provideraffiliation|providerspecialty|provideraddress|providermain|ceggroup|cegemployer|cegclient|,13,13,,
2013-08-19,2013-Aug-19,28993,26276,2717,0,1198,0.31,eligibilityphone|eligibilityaddress|eligibilitycoverage|eligibilitydemographic|providerfax|providerparticipation|provideraffiliation|providerspecialty|provideraddress|providermain|ceggroup|cegemployer|cegclient|,13,13,,
2013-08-20,2013-Aug-20,2905,497,2408,0,690,0.18,cegclient|cegemployer|ceggroup|providermain|providerspecialty|provideraddress|provideraffiliation|providerfax|providerparticipation|eligibilitydemographic|eligibilitycoverage|eligibilityaddress|eligibilityphone|,13,13,,
2013-08-21,2013-Aug-21,16437,7197,9240,0,928,0.27,cegclient|cegemployer|ceggroup|providermain|provideraddress|providerspecialty|provideraffiliation|providerparticipation|providerfax|eligibilitydemographic|eligibilitycoverage|eligibilityaddress|eligibilityphone|,13,13,,
2013-08-22,2013-Aug-22,32474,5889,26585,0,1116,0.3,cegclient|cegemployer|ceggroup|providermain|provideraddress|providerspecialty|provideraffiliation|providerparticipation|providerfax|eligibilitydemographic|eligibilitycoverage|eligibilityaddress|eligibilityphone|,13,13,,
2013-08-23,2013-Aug-23,21543,6891,14652,0,1135,0.31,cegclient|ceggroup|cegemployer|providermain|provideraddress|providerspecialty|provideraffiliation|providerparticipation|providerfax|eligibilitydemographic|eligibilitycoverage|eligibilityaddress|eligibilityphone|labdata|,14,14,,
2013-08-25,2013-Aug-25,1764,0,1764,0,117,0.04,eligibilityphone|eligibilitycoverage|eligibilityaddress|eligibilitydemographic|providerparticipation|providerfax|provideraffiliation|providerspecialty|provideraddress|providermain|cegemployer|ceggroup|cegclient|,13,13,,
2013-08-24,2013-Aug-24,21353,6180,15173,0,280,0.09,eligibilityphone|eligibilityaddress|eligibilitycoverage|eligibilitydemographic|providerfax|providerparticipation|provideraffiliation|providerspecialty|provideraddress|providermain|ceggroup|cegemployer|cegclient|,13,13,,
2013-08-26,2013-Aug-26,176561,28348,148213,0,2510,0.68,cegclient|cegemployer|ceggroup|providermain|provideraddress|providerspecialty|provideraffiliation|providerfax|providerparticipation|eligibilitydemographic|eligibilitycoverage|eligibilityaddress|eligibilityphone|,13,13,,
2013-08-27,2013-Aug-27,3200,343,2857,0,381,0.12,cegclient|cegemployer|ceggroup|providermain|provideraddress|providerspecialty|provideraffiliation|providerfax|providerparticipation|eligibilitydemographic|eligibilitycoverage|eligibilityaddress|eligibilityphone|,13,13,,
2013-08-28,2013-Aug-28,27311,4986,22325,0,694,0.17,eligibilityphone|eligibilityaddress|eligibilitycoverage|eligibilitydemographic|providerparticipation|providerfax|provideraffiliation|providerspecialty|provideraddress|providermain|ceggroup|cegemployer|cegclient|,13,13,,
2013-08-29,2013-Aug-29,14083,4760,9323,0,793,0.22,eligibilitycoverage|ceggroup|eligibilitydemographic|eligibilityphone|provideraffiliation|provideraddress|providerfax|providerparticipation|eligibilityaddress|providerspecialty|providermain|cegclient|cegemployer|,13,13,,
2013-09-02,2013-Sep-02,22247,17604,4643,0,1499,0.39,eligibilityphone|eligibilityaddress|eligibilitycoverage|eligibilitydemographic|providerfax|providerparticipation|provideraffiliation|providerspecialty|provideraddress|providermain|ceggroup|cegclient|cegemployer|,13,13,,
2013-09-01,2013-Sep-01,92981,64652,28329,0,1306,0.35,eligibilityphone|eligibilityaddress|eligibilitycoverage|eligibilitydemographic|providerfax|providerparticipation|provideraffiliation|provideraddress|providerspecialty|providermain|ceggroup|cegemployer|cegclient|,13,13,,
2013-08-31,2013-Aug-31,27744,7385,20359,0,780,0.22,eligibilityphone|eligibilityaddress|eligibilitycoverage|eligibilitydemographic|providerfax|providerparticipation|provideraffiliation|providerspecialty|provideraddress|providermain|ceggroup|cegemployer|cegclient|,13,13,,
2013-08-30,2013-Aug-30,34501,11443,23058,0,898,0.24,labdata|eligibilityphone|eligibilityaddress|eligibilitycoverage|eligibilitydemographic|providerparticipation|providerfax|provideraffiliation|providerspecialty|provideraddress|providermain|ceggroup|cegemployer|cegclient|,14,14,,
2013-09-04,2013-Sep-04,14253,1683,12570,0,1206,0.33,cegclient|cegemployer|ceggroup|providermain|provideraddress|providerspecialty|provideraffiliation|providerfax|providerparticipation|eligibilitydemographic|eligibilitycoverage|eligibilityaddress|eligibilityphone|,13,13,,
2013-09-06,2013-Sep-06,61867,19101,42766,0,2534,0.7,eligibilityphone|eligibilityaddress|eligibilitycoverage|eligibilitydemographic|providerfax|providerparticipation|provideraffiliation|providerspecialty|provideraddress|providermain|ceggroup|cegemployer|cegclient|cegclient|cegemployer|ceggroup|providermain|provideraddress|providerparticipation|providerspecialty|provideraffiliation|providerfax|eligibilitydemographic|eligibilitycoverage|eligibilityaddress|eligibilityphone|labdata|,27,27,,
2013-09-08,2013-Sep-08,22535,9244,13291,0,1352,0.37,eligibilityphone|eligibilityaddress|eligibilitycoverage|eligibilitydemographic|providerparticipation|providerfax|provideraffiliation|providerspecialty|provideraddress|providermain|ceggroup|cegemployer|cegclient|,13,13,,
2013-09-07,2013-Sep-07,18382,9068,9314,0,1215,0.34,eligibilityphone|eligibilityaddress|eligibilitycoverage|eligibilitydemographic|providerfax|providerparticipation|provideraffiliation|providerspecialty|provideraddress|providermain|ceggroup|cegemployer|cegclient|,13,13,,
2013-09-09,2013-Sep-09,9575,6492,3083,0,2304,0.64,cegclient|cegemployer|ceggroup|providermain|provideraddress|providerspecialty|provideraffiliation|providerparticipation|providerfax|eligibilitydemographic|eligibilitycoverage|eligibilityaddress|eligibilityphone|,13,13,,
2013-09-10,2013-Sep-10,1111,443,668,0,1351,0.35,eligibilityphone|eligibilityaddress|eligibilitycoverage|eligibilitydemographic|providerparticipation|providerfax|provideraffiliation|providerspecialty|provideraddress|providermain|ceggroup|cegemployer|cegclient|,13,13,,
2013-06-05,2013-Jun-05,37170,5084,32076,10,609,0.17,eligibilityphone|eligibilityaddress|eligibilitycoverage|,3,3,MemberNotFound|1|MemberNotFound|2|MemberNotFound|6|InsuredMemberNotFound|1|,Error
2013-06-02,2013-Jun-02,24577,4338,17886,2353,725,0.19,eligibilityphone|eligibilitycoverage|eligibilityaddress|eligibilitycoverage|eligibilitycoverage|eligibilitycoverage|eligibilitycoverage|eligibilityphone|eligibilitycoverage|,9,9,MemberNotFound|571|MemberNotFound|869|InsuredMemberNotFound|8|MemberNotFound|834|InsuredMemberNotFound|1|MemberNotFound|49|InsuredMemberNotFound|2|MemberNotFound|1|MemberNotFound|1|MemberNotFound|7|MemberNotFound|10|,Error
2013-06-01,2013-Jun-01,67834,28105,37391,2338,1016,0.28,eligibilityphone|eligibilityaddress|eligibilitycoverage|eligibilityphone|eligibilitycoverage|eligibilityaddress|,6,6,MemberNotFound|4|MemberNotFound|5|MemberNotFound|17|InsuredMemberNotFound|6|MemberNotFound|573|MemberNotFound|884|InsuredMemberNotFound|7|MemberNotFound|842|,Error
2013-05-30,2013-May-30,19471,2856,16592,23,229,0.06,eligibilityaddress|eligibilitycoverage|,2,2,MemberNotFound|1|MemberNotFound|17|InsuredMemberNotFound|5|,Error
2013-05-28,2013-May-28,76871,3953,71987,931,973,0.27,eligibilitycoverage|,1,1,MemberNotFound|908|InsuredMemberNotFound|23|,Error
2013-05-26,2013-May-26,10611,1667,8941,3,94,0.03,eligibilitycoverage|,1,1,InsuredMemberNotFound|2|MemberNotFound|1|,Error
2013-05-25,2013-May-25,19951,3263,16664,24,175,0.04,eligibilityaddress|eligibilitycoverage|,2,2,MemberNotFound|1|MemberNotFound|20|InsuredMemberNotFound|3|,Error
2013-05-24,2013-May-24,852272,820601,31654,17,2297,0.63,labdata|eligibilitycoverage|,2,2,MemberNotFound|5|MemberNotFound|12|,Error
2013-05-23,2013-May-23,15261,1524,13733,4,190,0.05,eligibilitycoverage|,1,1,MemberNotFound|4|,Error
2013-05-22,2013-May-22,25199,3167,22013,19,255,0.07,eligibilityphone|eligibilitycoverage|,2,2,MemberNotFound|3|MemberNotFound|10|InsuredMemberNotFound|6|,Error
2013-05-20,2013-May-20,14423,2273,12139,11,160,0.04,eligibilitycoverage|,1,1,MemberNotFound|8|InsuredMemberNotFound|3|,Error
2013-05-18,2013-May-18,41021,5732,35246,43,1056,0.3,eligibilityphone|eligibilityaddress|eligibilitycoverage|eligibilityaddress|eligibilitycoverage|,5,5,MemberNotFound|6|MemberNotFound|6|InsuredMemberNotFound|3|MemberNotFound|14|MemberNotFound|1|MemberNotFound|10|InsuredMemberNotFound|3|,Error
2013-05-16,2013-May-16,20870,1984,18870,16,768,0.21,eligibilitycoverage|,1,1,MemberNotFound|16|,Error
2013-05-15,2013-May-15,33679,5080,28571,28,665,0.19,eligibilityphone|eligibilityaddress|eligibilitycoverage|,3,3,MemberNotFound|1|MemberNotFound|4|InsuredMemberNotFound|5|MemberNotFound|18|,Error
2013-05-13,2013-May-13,17817,3322,14471,24,518,0.14,eligibilityphone|eligibilityaddress|eligibilitycoverage|,3,3,MemberNotFound|1|MemberNotFound|2|MemberNotFound|19|InsuredMemberNotFound|2|,Error
2013-03-02,2013-Mar-02,18829,14534,4292,3,106,0.03,eligibilitycoverage|,1,1,GroupNoNotFound|3|,Error
2013-02-28,2013-Feb-28,50506,5029,45120,357,278,0.07,eligibilitycoverage|cegclient|,2,2,GroupNoNotFound|357|,Error
2013-02-27,2013-Feb-27,4275,2772,1500,3,54,0.01,eligibilitycoverage|cegclient|,2,2,GroupNoNotFound|3|,Error
2013-02-26,2013-Feb-26,319,9,301,9,30,0.01,ceggroup|cegclient|,2,2,CodeValueNotFoundError|9|,Error
2013-02-25,2013-Feb-25,70,0,68,2,23,0,ceggroup|cegclient|,2,2,CodeValueNotFoundError|2|,Error
2013-02-24,2013-Feb-24,6898,1742,5135,21,87,0.01,eligibilitycoverage|ceggroup|cegemployer|cegclient|,4,4,GroupNoNotFound|5|CodeValueNotFoundError|16|,Error
2013-02-23,2013-Feb-23,6398,1303,5048,47,82,0.01,eligibilitycoverage|ceggroup|cegemployer|cegclient|,4,4,GroupNoNotFound|6|CodeValueNotFoundError|41|,Error
2013-02-22,2013-Feb-22,7671,2279,5370,22,1247,0.33,eligibilitycoverage|ceggroup|cegemployer|cegclient|,4,4,GroupNoNotFound|10|CodeValueNotFoundError|12|,Error
2013-02-21,2013-Feb-21,16660,3945,12614,101,2479,0.71,eligibilitycoverage|ceggroup|eligibilitycoverage|cegemployer|cegclient|,5,5,GroupNoNotFound|21|CodeValueNotFoundError|22|GroupNoNotFound|58|,Error
2013-02-20,2013-Feb-20,1138,39,1084,15,37,0,ceggroup|cegemployer|cegclient|,3,3,CodeValueNotFoundError|15|,Error
2013-02-18,2013-Feb-18,9571,2922,6623,26,287,0.07,eligibilitycoverage|ceggroup|cegemployer|cegclient|,4,4,GroupNoNotFound|10|CodeValueNotFoundError|16|,Error
2013-02-17,2013-Feb-17,15318,7684,7539,95,705,0.19,eligibilitycoverage|providerparticipation|provideraffiliation|ceggroup|cegemployer|cegclient|,6,6,GroupNoNotFound|57|PrvAffiliationNotFound|13|CodeValueNotFoundError|5|CodeValueNotFoundError|20|,Error
2013-02-15,2013-Feb-15,6352,1925,4410,17,282,0.07,eligibilitycoverage|ceggroup|cegemployer|cegclient|,4,4,GroupNoNotFound|6|CodeValueNotFoundError|11|,Error
2013-02-14,2013-Feb-14,7155,2116,5003,36,290,0.09,eligibilitycoverage|ceggroup|cegemployer|cegclient|,4,4,GroupNoNotFound|10|CodeValueNotFoundError|26|,Error
2013-02-13,2013-Feb-13,11935,2465,9441,29,303,0.08,eligibilitycoverage|ceggroup|cegemployer|cegclient|,4,4,GroupNoNotFound|9|CodeValueNotFoundError|20|,Error
2013-02-12,2013-Feb-12,107,0,106,1,34,0,ceggroup|cegemployer|cegclient|,3,3,CodeValueNotFoundError|1|,Error
2013-02-11,2013-Feb-11,160,16,143,1,28,0,ceggroup|cegemployer|cegclient|,3,3,CodeValueNotFoundError|1|,Error
2013-02-10,2013-Feb-10,36128,3322,32534,272,845,0.24,eligibilitycoverage|providerparticipation|provideraffiliation|ceggroup|cegemployer|cegclient|,6,6,GroupNoNotFound|5|PrvAffiliationNotFound|3|CodeValueNotFoundError|1|CodeValueNotFoundError|263|,Error
2013-02-09,2013-Feb-09,9473,4903,4527,43,312,0.09,eligibilitycoverage|ceggroup|cegemployer|cegclient|,4,4,GroupNoNotFound|18|CodeValueNotFoundError|25|,Error
2013-02-08,2013-Feb-08,7555,3417,4105,33,315,0.1,eligibilitycoverage|ceggroup|cegemployer|cegclient|,4,4,GroupNoNotFound|12|CodeValueNotFoundError|21|,Error
2013-02-07,2013-Feb-07,6464,2651,3766,47,288,0.08,eligibilitycoverage|ceggroup|cegemployer|cegclient|,4,4,GroupNoNotFound|28|CodeValueNotFoundError|19|,Error
2013-02-06,2013-Feb-06,20484,13234,7195,55,356,0.1,eligibilitycoverage|ceggroup|cegemployer|cegclient|,4,4,GroupNoNotFound|30|CodeValueNotFoundError|25|,Error
2013-02-04,2013-Feb-04,305741,12309,290230,3202,2119,0.6,eligibilitycoverage|ceggroup|cegemployer|cegclient|,4,4,GroupNoNotFound|2803|CodeValueNotFoundError|399|,Error
2013-02-02,2013-Feb-02,88289,18906,68647,736,1156,0.33,eligibilitycoverage|ceggroup|cegemployer|cegclient|,4,4,GroupNoNotFound|606|CodeValueNotFoundError|130|,Error
2013-02-01,2013-Feb-01,10184,3132,6969,83,326,0.09,eligibilitycoverage|ceggroup|cegemployer|cegclient|,4,4,GroupNoNotFound|12|CodeValueNotFoundError|71|,Error
2013-01-31,2013-Jan-31,13060,2849,10178,33,571,0.17,eligibilitycoverage|ceggroup|cegclient|cegemployer|ceggroup|eligibilityaddress|,6,5,GroupNoNotFound|15|CodeValueNotFoundError|9|CodeValueNotFoundError|9|,Error
2013-01-30,2013-Jan-30,7625,3602,3962,61,276,0.08,eligibilitycoverage|ceggroup|cegemployer|,3,3,GroupNoNotFound|11|CodeValueNotFoundError|12|EmployerNotFoundError|1|ClientIDNotFound|37|,Error
2013-01-04,2013-Jan-04,1411471,216982,1191982,2507,6710,1.86,eligibilitycoverage|,1,1,GroupNoNotFound|2507|,Error
2013-02-05,2013-Feb-05,80,0,80,0,18,0,cegemployer|cegclient|,2,2,,
2013-02-19,2013-Feb-19,0,0,0,0,0,0,cegemployer|cegclient|,2,2,,
2013-02-03,2013-Feb-03,45,0,45,0,30,0.01,cegemployer|cegclient|,2,2,,
2013-03-22,2013-Mar-22,2807582,2670874,136708,0,20623.46259184,5.73,CLAIM_HEADER|CLAIM_LINE|cegclient|cegemployer|ceggroup|eligibilityaddress|eligibilitycoverage|eligibilitydemographic|eligibilityphone|labdata|provideraddress|provideraffiliation|providerfax|providermain|providerparticipation|providerspecialty|,16,16,,
2013-03-15,2013-Mar-15,329425,326756,2669,0,1643,0.44,cegclient|cegemployer|ceggroup|eligibilityaddress|eligibilityphone|labdata|,6,6,,
2013-03-16,2013-Mar-16,3989,2184,1805,0,1602,0.44,cegclient|cegemployer|ceggroup|eligibilityaddress|eligibilitycoverage|eligibilitydemographic|eligibilityphone|provideraddress|provideraffiliation|providerfax|providermain|providerparticipation|providerspecialty|,13,13,,
2013-03-17,2013-Mar-17,15655,5043,10612,0,1726,0.48,cegclient|cegemployer|ceggroup|eligibilityaddress|eligibilitycoverage|eligibilitydemographic|eligibilityphone|provideraddress|provideraffiliation|providerfax|providermain|providerparticipation|providerspecialty|,13,13,,
2013-03-18,2013-Mar-18,20520,17431,3089,0,3119,0.84,cegclient|cegemployer|ceggroup|eligibilityaddress|eligibilitycoverage|eligibilitydemographic|eligibilityphone|provideraddress|provideraffiliation|providerfax|providermain|providerparticipation|providerspecialty|,13,13,,
2013-03-19,2013-Mar-19,897,2,895,0,1761,0.5,cegclient|cegemployer|ceggroup|eligibilityaddress|eligibilitycoverage|eligibilitydemographic|eligibilityphone|provideraddress|provideraffiliation|providerfax|providermain|providerparticipation|providerspecialty|,13,13,,
2013-03-20,2013-Mar-20,52095,10105,41990,0,2181,0.61,cegclient|cegemployer|ceggroup|eligibilityaddress|eligibilitycoverage|eligibilitydemographic|eligibilityphone|provideraddress|provideraffiliation|providerfax|providermain|providerparticipation|providerspecialty|,13,13,,
2013-03-21,2013-Mar-21,11444,3304,8140,0,2003,0.55,cegclient|cegemployer|ceggroup|eligibilityaddress|eligibilitycoverage|eligibilitydemographic|eligibilityphone|provideraddress|provideraffiliation|providerfax|providermain|providerparticipation|providerspecialty|,13,13,,
2013-03-23,2013-Mar-23,9095,3694,5401,0,2121,0.57,cegclient|cegemployer|ceggroup|eligibilityaddress|eligibilitycoverage|eligibilitydemographic|eligibilityphone|provideraddress|provideraffiliation|providerfax|providermain|providerparticipation|providerspecialty|,13,13,,
2013-03-24,2013-Mar-24,12976,3470,9506,0,255,0.1,cegclient|cegemployer|ceggroup|eligibilityaddress|eligibilitycoverage|eligibilitydemographic|eligibilityphone|provideraddress|provideraffiliation|providerfax|providermain|providerparticipation|providerspecialty|,13,13,,
2013-03-25,2013-Mar-25,6500,3592,2908,0,1742,0.49,cegclient|cegemployer|ceggroup|eligibilityaddress|eligibilitycoverage|eligibilitydemographic|eligibilityphone|provideraddress|provideraffiliation|providerfax|providermain|providerparticipation|providerspecialty|,13,13,,
2013-03-26,2013-Mar-26,112071,38773,73298,0,1225,0.34,cegclient|cegemployer|ceggroup|eligibilityaddress|eligibilitycoverage|eligibilitydemographic|eligibilityphone|provideraddress|provideraffiliation|providerfax|providermain|providerparticipation|providerspecialty|,13,13,,
2013-03-27,2013-Mar-27,13385,3417,9968,0,245,0.09,cegclient|cegemployer|ceggroup|eligibilityaddress|eligibilitycoverage|eligibilitydemographic|eligibilityphone|provideraddress|provideraffiliation|providerfax|providermain|providerparticipation|providerspecialty|,13,13,,
2013-03-28,2013-Mar-28,11675,3508,8167,0,265,0.06,cegclient|cegemployer|ceggroup|eligibilityaddress|eligibilitycoverage|eligibilitydemographic|eligibilityphone|provideraddress|provideraffiliation|providerfax|providermain|providerparticipation|providerspecialty|,13,13,,
2013-03-29,2013-Mar-29,13795,3195,10600,0,207,0.05,cegclient|cegemployer|ceggroup|eligibilityaddress|eligibilitycoverage|eligibilitydemographic|eligibilityphone|labdata|provideraddress|provideraffiliation|providerfax|providermain|providerparticipation|providerspecialty|,14,14,,
2013-03-30,2013-Mar-30,16484,3579,12905,0,316,0.08,cegclient|cegemployer|ceggroup|eligibilityaddress|eligibilitycoverage|eligibilitydemographic|eligibilityphone|provideraddress|provideraffiliation|providerfax|providermain|providerparticipation|providerspecialty|,13,13,,
2013-03-31,2013-Mar-31,51311,24128,27183,0,764,0.21,cegclient|cegemployer|ceggroup|eligibilityaddress|eligibilitycoverage|eligibilitydemographic|eligibilityphone|provideraddress|provideraffiliation|providerfax|providermain|providerparticipation|providerspecialty|,13,13,,
2013-03-14,2013-Mar-14,1836,862,974,0,291,0.08,eligibilityaddress|,1,1,,
2013-01-19,2013-Jan-19,826257,787960,38297,0,2084.32270908,0.58,PHARMACY_CLAIM|,1,1,,

